model,num_divergent,num_max_treedepth,ebfmi
asce,0,0,0.795587002222101
asce,0,0,0.7334938496661877
asce,0,0,0.7498465551889067
asce,0,0,0.7770314942205852
